rainfall_24h,rainfall_72h,soil_moisture,slope,elevation,historical_landslide_count,landslide_occurred
60.0,180.0,89.7,3.4,175.8,2,0
75.0,240.0,98.9,26.1,1150.5,5,1
24.7,70.8,70.7,22.4,1098.9,1,0
83.5,240.0,100.0,33.7,1184.6,6,1
60.0,180.0,96.2,1.3,104.6,1,0
100.7,240.0,100.0,29.7,1137.3,10,1
114.0,240.0,100.0,35.4,1559.0,6,1
2.0,2.0,30.4,29.2,947.9,12,0
60.0,180.0,87.7,5.1,221.7,1,0
66.5,180.0,94.3,0.5,249.5,0,0
75.0,240.0,99.7,38.4,1128.4,10,1
63.6,180.0,86.8,2.7,311.0,1,0
15.1,69.1,60.7,22.2,1017.6,6,0
75.0,240.0,100.0,33.8,1079.2,8,1
44.5,98.8,71.9,21.5,1122.9,10,0
107.0,314.5,99.3,32.5,962.6,9,1
23.2,65.4,74.7,17.9,1203.3,3,0
80.3,240.0,100.0,24.5,1193.0,8,1
51.2,84.5,65.8,27.7,1043.3,2,0
3.0,5.6,32.7,25.4,1338.4,6,0
103.6,269.4,100.0,26.7,900.3,9,1
0.5,1.4,32.9,29.9,1394.6,7,0
1.6,4.2,40.8,31.9,975.9,7,0
1.2,3.0,27.8,32.3,1170.8,7,0
41.0,73.8,67.1,14.9,1049.3,6,0
0.3,13.2,33.2,27.7,1184.0,9,0
38.7,122.0,64.5,18.1,1144.6,4,0
0.8,4.5,17.2,30.2,1179.7,5,0
31.7,97.1,64.8,20.3,881.9,5,0
4.4,5.4,27.0,35.8,1055.6,6,0
0.7,6.6,34.2,27.3,1378.9,12,0
75.0,240.0,100.0,30.7,1045.0,9,1
16.8,64.2,50.0,23.7,918.8,6,0
60.0,180.0,83.5,0.5,121.5,2,0
1.1,2.4,32.7,27.2,1258.7,8,0
26.6,91.5,52.6,15.9,871.3,1,0
94.2,325.7,100.0,33.6,1416.3,4,1
30.8,75.2,72.9,26.8,979.2,4,0
4.1,9.9,40.2,32.3,1219.7,7,0
107.3,282.6,100.0,32.8,1159.5,8,1
66.1,272.6,86.8,1.4,156.6,2,0
45.1,97.7,72.1,20.7,983.2,5,0
107.2,368.7,100.0,38.0,1060.1,7,1
50.5,93.3,56.7,23.5,1039.5,4,0
42.0,93.3,56.3,30.3,1027.1,2,0
30.1,101.3,54.8,24.3,998.3,1,0
75.0,180.0,81.6,3.3,123.0,3,0
75.0,240.0,100.0,23.0,1235.2,5,1
50.9,109.7,74.0,23.4,1035.5,5,0
20.1,51.1,75.5,27.3,909.8,9,0
45.8,115.5,72.0,29.4,829.8,3,0
16.3,60.6,60.4,14.1,1314.9,5,0
0.8,18.0,33.2,26.6,1672.3,5,0
16.0,81.6,71.5,16.9,1096.9,4,0
3.4,3.9,40.1,26.5,916.7,8,0
31.1,84.0,69.8,22.2,1041.9,4,0
82.6,180.0,80.5,1.2,179.8,2,0
0.8,8.8,33.7,33.7,1133.3,7,0
60.0,180.0,84.2,1.4,213.9,1,0
20.9,52.2,78.0,23.8,1014.0,1,0
21.5,70.5,62.7,25.0,916.6,2,0
75.0,240.0,100.0,29.1,943.2,5,1
60.0,180.0,95.0,4.9,249.1,0,0
1.7,5.8,29.6,16.0,1122.2,6,0
1.9,2.8,46.9,24.5,1431.6,7,0
3.0,7.5,29.8,30.0,1086.1,4,0
0.4,5.8,30.9,33.8,1227.6,11,0
24.6,94.1,63.6,22.3,1088.3,1,0
48.7,101.7,62.0,23.5,1192.5,3,0
89.7,240.0,100.0,20.5,1268.3,4,1
23.1,103.9,69.0,35.6,845.3,4,0
0.1,1.7,36.4,29.3,1224.0,11,0
103.1,255.3,86.1,0.5,214.0,2,0
45.0,87.9,59.8,15.0,837.3,5,0
0.9,1.1,35.4,31.8,895.8,13,0
103.6,332.5,99.1,24.8,1306.5,6,1
76.1,240.0,99.5,32.1,1417.5,2,1
39.9,95.4,62.6,18.8,1058.2,6,0
2.1,4.7,30.5,29.4,1102.8,11,0
2.9,5.4,25.0,25.1,1341.6,8,0
39.1,116.2,78.0,33.8,1006.7,6,0
1.5,2.3,34.4,38.4,1075.3,11,0
0.1,0.6,28.1,33.0,1183.6,4,0
76.6,240.0,97.2,22.8,1065.0,10,1
25.1,113.5,70.4,25.7,1099.7,4,0
60.0,180.0,71.9,0.8,243.7,1,0
75.0,304.6,100.0,35.6,1226.1,3,1
19.3,86.6,56.4,16.0,1112.5,5,0
103.6,273.2,86.3,2.5,239.1,1,0
1.0,8.8,30.3,24.3,1083.4,5,0
60.0,180.0,91.5,0.5,221.1,1,0
2.1,5.5,27.3,28.4,897.3,7,0
1.8,7.6,37.2,34.0,1154.2,10,0
92.4,264.5,100.0,20.3,1083.2,6,1
50.4,128.4,69.4,24.9,871.6,7,0
109.7,238.4,83.7,0.5,250.4,1,0
0.1,5.1,21.9,36.1,1166.6,8,0
105.1,240.0,98.3,27.3,1303.3,7,1
135.3,354.4,99.8,29.9,1101.1,4,1
0.9,2.5,18.9,27.2,1260.4,5,0
41.9,117.9,70.6,25.7,1131.6,5,0
25.7,55.9,60.2,26.5,1071.0,7,0
48.4,122.5,65.9,33.9,1081.1,5,0
41.3,123.7,50.1,29.9,1128.4,5,0
110.0,240.0,100.0,19.4,1021.9,6,1
40.0,97.2,68.3,22.8,784.7,6,0
38.2,103.3,51.9,19.2,1180.6,7,0
2.3,4.1,18.7,21.3,1201.9,5,0
125.1,369.2,99.5,27.1,921.8,8,1
136.1,346.4,100.0,21.4,1165.6,6,1
40.7,70.1,69.5,14.3,1201.0,1,0
1.2,16.1,20.5,22.3,1225.0,7,0
94.2,220.5,89.0,2.3,266.0,2,0
71.7,245.5,84.8,0.9,309.0,1,0
75.0,240.0,100.0,31.9,1383.4,9,1
39.7,65.3,59.8,27.9,1229.4,2,0
0.0,0.1,22.6,42.0,1141.7,8,0
75.0,240.0,100.0,22.4,987.0,12,1
46.8,93.7,68.2,31.4,1103.1,3,0
60.0,180.0,90.3,3.3,40.0,2,0
1.1,2.1,31.9,32.1,1296.6,6,0
2.1,14.5,37.2,25.3,999.5,6,0
39.2,104.5,77.7,25.1,1092.1,3,0
0.5,3.3,32.4,31.3,1012.5,11,0
103.2,350.4,81.8,0.8,247.0,0,0
139.9,269.7,100.0,30.3,1071.3,4,1
75.0,240.0,98.3,26.2,1231.2,7,1
88.9,195.9,83.4,9.5,92.2,0,0
62.0,180.0,84.7,4.7,292.9,0,0
2.3,2.8,28.6,30.0,985.2,5,0
98.6,314.9,78.6,1.3,306.4,0,0
75.0,240.0,100.0,26.7,1016.6,6,1
2.6,5.9,38.3,34.8,1232.3,10,0
95.6,240.0,97.0,25.3,1056.9,11,1
0.3,3.4,28.7,30.2,1107.3,4,0
75.0,240.0,100.0,28.6,1156.2,6,1
1.2,6.6,17.1,32.7,1406.3,5,0
75.0,240.0,100.0,46.4,1359.1,5,1
75.0,240.0,98.7,38.2,1058.9,4,1
65.4,195.1,82.2,9.5,88.7,2,0
92.5,321.8,100.0,31.6,1472.6,6,1
84.2,357.0,100.0,35.9,1346.4,7,1
0.6,2.1,41.4,21.8,1391.2,5,0
3.2,5.4,44.7,23.4,1498.9,8,0
0.3,9.6,20.5,26.3,874.8,13,0
0.1,3.5,12.0,35.1,1208.3,4,0
75.0,240.0,100.0,34.2,1512.4,9,1
75.0,240.0,100.0,28.5,1372.1,13,1
3.1,10.2,28.0,22.0,1231.7,9,0
154.8,442.1,100.0,29.6,1321.9,2,1
60.0,180.0,95.2,1.5,178.7,1,0
79.3,262.3,91.3,0.5,194.6,1,0
91.6,253.6,87.8,5.2,115.7,2,0
4.5,12.9,27.3,23.0,1148.3,8,0
60.0,180.0,94.6,6.2,206.4,1,0
77.1,240.0,100.0,24.1,1176.8,8,1
75.0,240.0,100.0,19.8,1363.1,5,1
60.0,180.0,93.9,4.7,260.0,1,0
22.6,86.8,70.2,20.7,772.1,3,0
106.1,411.3,100.0,21.7,1105.3,11,1
4.9,13.8,28.2,33.8,1090.5,9,0
2.3,4.7,31.9,31.1,1219.7,5,0
139.0,347.7,100.0,17.6,1225.5,3,1
125.6,386.6,100.0,34.3,1206.7,3,1
28.0,66.0,73.0,35.7,818.3,7,0
19.2,93.8,74.5,38.0,1132.3,4,0
60.0,180.0,82.7,3.2,178.6,1,0
112.6,293.0,91.1,0.5,153.9,1,0
0.9,1.8,30.7,30.7,1060.0,3,0
79.6,240.0,100.0,35.2,884.6,5,1
75.0,240.0,100.0,27.0,1110.5,4,1
0.9,4.7,38.6,27.5,1246.6,6,0
121.9,429.2,100.0,30.3,1454.2,5,1
87.4,241.1,86.5,5.1,189.8,0,0
121.7,350.5,98.2,36.0,1387.9,8,1
43.2,105.1,66.0,27.3,1013.9,4,0
22.6,108.8,66.1,24.0,1445.6,4,0
53.8,140.0,66.3,29.4,1212.3,3,0
1.0,1.3,30.2,34.2,1519.3,4,0
53.3,140.0,57.9,28.5,1021.5,5,0
95.5,306.1,83.1,3.0,222.2,2,0
0.2,4.7,25.7,32.4,1439.6,7,0
0.8,1.8,19.0,26.6,1344.8,1,0
0.6,2.1,29.8,25.0,1214.8,12,0
44.0,91.7,71.9,14.1,1101.8,6,0
32.9,103.0,67.1,25.0,937.1,6,0
60.0,180.0,83.8,1.5,198.4,0,0
60.0,180.0,97.2,0.5,138.1,1,0
68.0,284.7,95.7,2.2,239.2,1,0
33.5,59.3,50.6,18.6,704.5,4,0
60.0,180.0,89.5,7.2,214.8,2,0
75.0,240.0,100.0,39.7,1177.8,5,1
49.6,111.4,71.3,26.9,1287.8,4,0
98.9,258.0,87.2,0.7,164.9,1,0
73.5,180.0,92.9,1.5,205.0,1,0
60.0,180.0,90.9,5.7,203.9,1,0
73.2,180.0,88.1,2.8,195.8,0,0
60.0,180.0,84.0,2.9,246.0,0,0
0.8,6.8,31.6,25.5,1296.1,10,0
53.7,84.2,62.5,18.2,776.9,1,0
1.0,1.7,16.6,25.8,1588.2,4,0
43.7,98.2,50.0,12.0,753.1,2,0
2.4,5.0,29.6,27.5,1099.2,11,0
0.5,1.8,28.0,30.1,1079.8,4,0
77.3,279.9,86.5,4.4,145.9,1,0
100.0,301.7,85.5,3.7,40.0,0,0
50.8,79.1,60.7,25.3,1031.9,3,0
0.4,1.8,41.5,38.7,1022.4,7,0
34.7,94.2,60.1,20.1,915.4,6,0
0.8,4.1,35.7,30.7,1054.0,8,0
75.8,237.2,88.3,1.5,322.0,1,0
60.0,180.0,84.1,2.9,323.6,0,0
74.5,180.0,84.2,4.3,242.5,0,0
1.4,10.6,21.8,31.4,1385.8,9,0
39.5,79.2,71.5,23.7,1187.1,5,0
50.5,88.4,62.5,18.9,1195.2,4,0
117.5,313.2,82.9,9.5,141.5,0,0
121.4,251.2,99.2,33.5,962.8,6,1
75.5,180.0,80.9,4.3,119.9,1,0
75.0,240.0,100.0,23.4,1460.4,4,1
134.7,389.7,100.0,28.3,1440.1,7,1
75.0,240.0,99.8,24.7,1334.0,6,1
0.3,3.7,35.6,27.5,1184.7,4,0
121.4,240.0,100.0,25.0,1128.6,4,1
100.6,332.6,100.0,29.3,1261.1,3,1
60.0,180.0,93.6,8.4,296.5,1,0
137.0,408.2,95.1,25.1,1272.3,6,1
74.8,201.1,87.6,3.2,238.4,0,0
0.8,2.4,40.4,33.7,1329.9,9,0
0.3,10.2,26.2,23.5,943.7,8,0
3.6,10.5,31.4,28.3,1368.6,6,0
1.4,9.5,31.0,34.8,1051.6,9,0
50.6,118.8,77.1,32.4,945.7,3,0
29.4,107.3,75.6,27.2,1046.0,2,0
0.5,7.2,26.0,28.3,991.7,5,0
105.3,276.1,88.7,5.0,224.0,2,0
4.2,8.1,31.2,33.8,1279.4,7,0
0.4,4.9,41.6,28.9,1338.4,7,0
42.9,85.5,64.0,28.9,976.7,1,0
96.9,321.0,91.2,0.7,242.4,2,0
110.6,305.0,91.5,4.5,164.5,0,0
52.3,121.7,55.0,28.8,854.0,6,0
52.2,100.7,62.6,16.9,994.2,10,0
131.4,374.3,99.8,32.6,1033.0,3,1
39.4,111.9,62.0,22.5,1104.5,6,0
15.7,66.1,73.9,30.5,1317.2,5,0
3.2,5.3,35.4,30.7,976.6,8,0
0.4,0.4,46.0,24.0,1263.0,8,0
53.5,119.8,63.5,29.8,1153.8,2,0
93.8,273.9,99.8,34.1,1164.2,8,1
60.0,180.0,86.6,2.5,199.7,0,0
44.8,78.5,63.6,20.4,975.7,5,0
119.1,240.0,100.0,34.8,1355.2,5,1
69.8,246.9,93.2,0.5,317.9,0,0
75.0,240.0,100.0,26.9,1191.7,7,1
0.5,4.6,38.0,31.6,1369.4,8,0
68.8,236.0,84.9,4.6,153.4,2,0
0.2,2.5,12.0,29.0,1054.4,8,0
0.5,11.2,36.7,33.7,1261.8,10,0
0.2,1.3,26.5,34.9,1086.1,12,0
75.0,240.0,100.0,20.9,1170.8,8,1
0.1,4.5,27.2,28.8,1203.0,8,0
60.0,180.0,85.0,2.8,252.6,2,0
129.0,354.2,100.0,27.9,1222.8,6,1
46.9,127.6,78.0,33.0,1035.8,4,0
15.6,67.8,74.7,28.7,842.6,5,0
0.8,9.2,22.3,26.3,1135.0,6,0
1.1,5.6,24.6,24.2,1203.2,6,0
111.9,318.7,89.7,1.6,178.9,1,0
0.5,1.9,18.7,24.4,1101.2,4,0
111.3,255.2,100.0,24.4,984.5,9,1
0.2,1.7,35.0,31.2,1370.8,11,0
22.0,101.7,50.1,30.0,900.2,4,0
1.9,11.8,33.1,35.1,1374.0,1,0
15.6,96.6,66.5,25.2,1018.1,2,0
75.0,240.0,100.0,19.4,1212.1,13,1
60.0,180.0,96.2,0.7,201.7,0,0
20.2,83.7,59.6,21.0,1072.6,4,0
114.2,296.1,98.0,7.0,158.3,2,0
60.0,180.0,85.0,2.4,246.4,0,0
85.9,215.5,89.8,0.5,206.8,0,0
75.0,240.0,100.0,37.5,1333.5,8,1
107.3,384.1,100.0,35.5,1258.4,8,1
95.9,240.0,97.2,31.6,1398.9,3,1
0.6,2.5,26.0,25.9,1300.5,5,0
108.6,294.0,98.0,7.6,288.9,0,0
17.5,70.1,66.4,15.7,830.2,4,0
60.0,180.0,94.1,0.5,76.4,1,0
25.2,63.0,78.0,24.2,998.7,4,0
60.0,180.0,97.3,0.8,222.1,0,0
121.4,240.0,100.0,31.5,1086.0,5,1
3.6,7.4,31.5,33.2,1157.9,4,0
44.3,86.8,64.6,30.0,1029.8,6,0
75.0,240.0,100.0,29.6,1216.0,12,1
96.6,304.8,92.1,4.6,129.3,2,0
5.0,6.9,26.1,30.5,1253.6,9,0
84.1,240.0,100.0,29.4,1149.5,7,1
99.9,293.1,100.0,31.1,1240.0,6,1
0.3,1.8,30.6,24.5,1113.2,4,0
101.7,274.1,79.9,0.5,225.1,3,0
4.1,13.7,28.7,26.0,1037.5,6,0
60.0,180.0,80.2,1.0,314.0,3,0
25.4,85.4,78.0,27.1,1108.1,4,0
75.0,240.0,100.0,23.6,1215.4,7,1
60.0,180.0,85.5,1.2,179.8,0,0
1.4,4.4,49.5,25.7,1439.8,7,0
75.0,240.0,100.0,24.9,1255.4,6,1
75.0,240.0,95.5,31.1,1009.5,5,1
132.2,305.9,100.0,27.0,1279.7,8,1
70.0,180.0,79.0,2.4,285.0,0,0
81.8,240.0,99.4,24.2,1406.0,2,1
75.0,240.0,100.0,38.9,1150.4,11,1
0.8,8.5,27.0,28.2,1114.9,7,0
35.7,110.7,69.0,20.0,1124.4,4,0
3.3,6.7,36.0,24.7,1298.8,8,0
75.0,240.0,100.0,35.6,1456.1,6,1
106.8,280.1,100.0,23.7,1338.2,5,1
5.7,13.4,52.1,29.3,1219.1,9,0
128.2,240.0,100.0,23.5,1239.5,3,1
0.5,2.7,40.4,25.3,1322.3,9,0
48.7,112.5,58.4,27.5,1036.0,2,0
60.0,180.0,94.6,0.7,352.6,1,0
60.0,180.0,98.0,1.6,127.3,1,0
0.7,1.1,24.8,31.2,1393.1,10,0
100.6,262.7,86.3,6.5,236.5,2,0
1.0,1.7,22.7,20.3,1199.1,8,0
98.8,334.1,100.0,29.1,1340.6,8,1
2.6,9.7,27.3,31.2,1255.7,7,0
1.1,12.7,37.6,38.3,1043.2,8,0
75.0,240.0,100.0,43.7,1051.4,8,1
75.0,240.0,100.0,27.9,1400.1,3,1
0.7,2.4,25.8,29.9,1077.4,11,0
1.0,3.8,35.4,35.8,1034.0,12,0
1.4,23.2,38.3,28.8,1106.7,3,0
0.3,6.6,20.8,19.3,1111.4,8,0
22.5,64.5,78.0,19.8,1251.1,2,0
0.8,2.4,25.8,28.0,1025.7,4,0
75.0,240.0,100.0,23.0,1446.8,8,1
16.2,104.1,65.2,25.8,1061.0,4,0
21.1,86.2,67.0,17.1,878.0,6,0
60.0,180.0,81.9,0.5,169.6,1,0
0.1,10.7,12.0,39.4,1317.4,6,0
30.1,100.3,69.7,29.7,946.4,6,0
35.8,105.0,64.4,18.9,873.6,9,0
125.9,389.9,100.0,36.2,1224.2,6,1
4.2,4.9,33.4,24.2,1168.5,8,0
88.8,240.0,100.0,28.2,973.6,6,1
1.2,4.0,38.5,24.8,1112.2,7,0
2.5,3.8,28.1,28.5,1008.8,6,0
84.8,216.4,94.7,0.6,275.7,0,0
134.8,355.4,100.0,29.1,1141.4,8,1
78.7,271.5,83.9,6.2,330.8,2,0
75.0,240.0,100.0,28.7,1341.5,6,1
103.4,311.6,87.5,1.4,179.5,0,0
133.3,307.8,100.0,21.3,1230.6,7,1
31.6,61.9,58.1,25.4,1109.1,2,0
85.6,208.3,96.0,1.4,272.6,2,0
60.0,180.0,93.5,0.5,99.2,2,0
75.0,240.0,100.0,35.7,1208.6,7,1
1.4,1.8,31.2,27.0,1209.7,7,0
75.0,240.0,100.0,35.1,1514.2,10,1
100.0,303.4,85.2,1.1,144.2,0,0
2.0,2.8,32.5,29.7,850.0,8,0
86.8,292.9,94.0,6.4,212.0,0,0
98.1,240.0,100.0,32.7,1205.1,8,1
48.9,117.4,73.1,27.5,1284.8,6,0
25.1,74.3,69.0,22.2,980.7,3,0
65.1,180.0,84.7,2.1,188.5,0,0
51.2,84.7,70.8,14.6,1118.2,4,0
75.0,240.0,95.3,29.1,1182.4,10,1
16.3,74.2,59.5,20.5,1103.5,3,0
78.2,180.0,94.7,1.6,262.1,2,0
0.6,7.2,18.2,22.2,1295.9,7,0
60.0,180.0,83.6,0.6,227.9,1,0
49.8,118.7,72.4,26.9,999.5,6,0
68.0,270.6,94.5,4.7,223.2,3,0
2.4,11.8,29.2,33.7,1011.4,6,0
75.0,240.0,100.0,30.0,1335.0,8,1
49.9,116.1,62.5,28.6,1192.9,6,0
75.0,240.0,95.4,37.7,1253.2,3,1
0.3,0.5,39.8,29.0,1002.7,4,0
99.5,244.5,93.4,1.7,361.9,0,0
146.4,287.8,100.0,27.8,850.0,11,1
1.7,1.8,43.2,23.4,1363.5,4,0
60.0,180.0,88.4,2.2,278.4,1,0
60.0,180.0,85.7,5.6,254.5,0,0
45.1,75.2,62.0,26.3,792.8,5,0
3.2,16.7,21.8,22.6,1132.9,5,0
99.0,251.8,88.2,4.3,199.4,1,0
87.4,180.0,88.1,1.3,273.6,1,0
1.0,1.6,37.1,20.2,1000.8,8,0
60.0,180.0,85.9,3.3,262.4,1,0
27.7,94.3,58.1,23.2,1055.8,4,0
27.7,76.2,69.6,30.8,1267.0,8,0
60.0,180.0,79.0,0.5,252.4,1,0
67.1,275.4,85.5,3.2,211.0,1,0
35.4,70.8,76.8,17.4,962.3,2,0
76.4,184.0,80.8,5.5,242.5,1,0
60.0,180.0,85.0,1.2,220.1,0,0
83.7,240.0,100.0,24.5,1184.6,12,1
80.5,240.0,100.0,27.9,1139.0,9,1
86.3,230.6,91.0,3.5,254.7,0,0
23.0,55.0,56.8,23.0,1400.2,4,0
109.2,373.3,100.0,33.5,1181.6,12,1
42.1,98.1,61.1,18.5,1113.0,5,0
122.8,241.1,100.0,35.9,1031.3,8,1
102.2,240.0,100.0,32.5,1187.0,5,1
0.4,1.7,41.9,27.3,1350.9,5,0
0.5,4.6,41.0,32.7,1147.1,7,0
4.5,7.6,34.0,35.4,1127.6,9,0
23.9,57.2,54.3,29.8,1027.5,6,0
89.3,271.7,90.7,0.5,180.2,1,0
75.0,240.0,100.0,20.0,1378.7,6,1
0.1,5.3,20.9,35.2,1069.8,9,0
75.0,240.0,100.0,22.5,1008.2,6,1
109.8,324.2,77.8,3.8,145.5,1,0
4.9,9.4,39.5,21.9,1306.9,6,0
4.9,7.8,33.5,25.9,1302.9,8,0
1.4,3.0,27.6,28.9,1133.4,2,0
31.5,86.6,71.5,29.2,910.5,3,0
0.1,6.8,24.9,34.0,1310.8,8,0
32.4,93.6,74.6,16.0,984.2,6,0
40.7,100.6,61.7,23.0,783.9,6,0
75.0,240.0,100.0,35.1,1087.1,6,1
3.2,5.3,29.0,25.2,1174.8,7,0
0.6,0.9,30.7,31.9,1315.5,3,0
0.3,0.5,41.2,31.1,1382.8,4,0
1.1,2.8,43.4,21.4,1086.3,3,0
89.8,249.1,85.1,3.5,166.2,0,0
90.4,264.4,82.8,6.7,321.3,2,0
3.7,10.8,39.7,25.8,875.2,4,0
60.0,180.0,76.7,5.8,240.2,1,0
45.1,73.1,60.9,27.6,958.8,4,0
108.0,287.2,89.2,8.2,300.3,2,0
118.9,388.3,100.0,30.6,1316.1,8,1
105.8,353.0,100.0,25.2,1283.7,8,1
60.0,180.0,86.5,0.6,127.1,0,0
114.8,273.9,87.1,1.4,159.0,1,0
101.1,235.1,84.0,2.6,231.3,0,0
53.4,86.2,78.0,20.4,1107.2,3,0
89.5,240.0,96.9,29.2,1154.9,8,1
36.7,89.9,58.1,17.4,1103.4,5,0
99.3,240.0,100.0,20.9,1177.5,7,1
2.3,4.9,19.8,31.5,1398.6,6,0
1.5,2.1,45.9,33.4,1345.7,6,0
34.2,98.1,63.3,21.4,1148.5,2,0
46.7,113.8,70.4,16.7,1088.4,3,0
75.0,240.0,99.6,29.3,1217.5,9,1
0.7,18.9,30.3,31.3,1201.0,4,0
75.0,240.0,99.5,23.6,870.2,5,1
3.0,6.4,33.8,34.5,1132.4,7,0
0.2,3.3,25.4,39.2,1206.5,6,0
2.2,2.6,31.6,30.5,1072.8,8,0
93.4,240.0,100.0,40.8,1271.1,4,1
4.4,6.5,32.2,27.0,1508.6,8,0
20.5,83.8,60.9,24.8,1075.7,7,0
96.0,310.6,80.3,4.8,172.2,1,0
77.1,240.0,100.0,24.9,1340.5,11,1
1.2,9.0,26.1,39.9,1187.9,4,0
26.3,83.7,65.9,18.7,1177.2,4,0
75.0,240.0,100.0,30.0,1148.4,10,1
142.6,397.4,100.0,21.7,1044.5,9,1
83.9,278.8,98.0,4.2,166.4,0,0
129.9,395.6,100.0,34.0,1168.1,12,1
60.4,180.0,81.9,0.8,237.8,1,0
125.9,202.7,87.7,0.6,293.4,2,0
0.5,16.1,28.4,38.3,1297.4,2,0
26.7,105.0,76.0,35.5,787.8,4,0
110.6,381.4,100.0,36.7,1150.2,8,1
60.0,180.0,97.2,2.6,178.6,1,0
75.0,240.0,99.2,24.9,1201.5,4,1
107.5,339.5,100.0,30.0,1211.6,4,1
112.7,301.7,100.0,23.9,1054.9,9,1
60.0,180.0,87.1,0.5,322.9,2,0
60.0,180.0,87.7,1.1,198.5,1,0
110.4,243.5,87.2,0.8,248.3,1,0
60.0,180.0,83.2,1.6,146.0,0,0
75.0,240.0,100.0,26.7,1215.8,14,1
60.0,180.0,98.0,8.1,270.7,0,0
3.1,30.3,20.2,38.7,1062.0,10,0
113.5,382.0,100.0,18.2,1201.0,5,1
167.7,291.7,100.0,20.7,1304.7,8,1
18.3,85.1,68.8,23.8,700.0,4,0
87.5,240.0,100.0,40.7,1379.4,8,1
104.0,322.9,100.0,29.9,982.3,10,1
75.0,240.0,99.8,25.8,1175.7,10,1
35.1,98.3,65.5,31.7,869.9,5,0
75.0,240.0,97.2,23.9,1219.5,7,1
42.7,126.9,50.0,24.2,1076.7,5,0
83.8,229.8,86.0,9.5,275.8,1,0
60.0,180.0,91.1,1.6,136.6,2,0
0.4,7.8,25.8,38.4,1216.4,5,0
116.4,337.0,96.1,26.8,1255.0,6,1
75.0,240.0,100.0,21.8,1270.1,3,1
80.5,252.7,81.0,4.0,272.7,1,0
125.6,332.4,100.0,23.1,1142.1,6,1
99.1,256.3,84.0,0.9,190.1,0,0
75.0,240.0,100.0,32.2,984.5,7,1
60.0,180.0,89.4,6.8,214.3,1,0
24.1,113.3,78.0,27.3,1000.1,4,0
39.9,77.2,56.7,33.6,1119.3,7,0
0.7,6.2,27.1,36.7,1213.7,7,0
0.8,11.5,32.2,24.6,1116.0,6,0
32.4,85.1,76.7,12.0,1113.9,5,0
0.7,1.4,31.5,36.6,1182.3,9,0
115.8,301.1,100.0,32.8,1049.1,8,1
0.1,7.7,46.2,33.1,1004.2,7,0
4.2,7.2,26.5,27.5,1562.1,6,0
60.0,180.0,91.7,6.7,148.0,1,0
110.7,326.2,80.0,3.2,265.4,1,0
60.0,180.0,87.7,2.4,271.8,2,0
0.1,2.0,21.1,23.6,856.5,9,0
60.3,180.0,85.0,6.9,209.8,1,0
2.0,5.9,34.3,38.1,1263.3,4,0
1.2,6.0,23.6,28.1,1229.3,10,0
88.1,240.0,100.0,25.6,1542.5,8,1
88.7,276.2,91.5,0.6,369.9,1,0
83.4,181.0,98.0,0.6,270.1,0,0
0.7,0.8,37.5,25.7,1136.2,9,0
0.2,3.7,46.6,29.5,1305.4,7,0
75.0,240.0,99.9,30.3,1198.2,10,1
131.8,300.4,100.0,22.4,1057.5,5,1
22.7,96.6,52.1,26.3,995.0,3,0
60.0,180.0,87.4,0.5,242.4,0,0
80.1,240.0,98.3,24.4,963.7,8,1
1.9,3.6,41.4,30.2,1192.7,6,0
39.6,71.2,55.2,37.4,946.9,8,0
0.6,0.8,38.1,35.1,1375.8,8,0
15.6,70.4,50.0,24.4,989.8,6,0
0.2,12.5,41.7,21.1,1011.2,6,0
60.0,180.0,85.0,1.8,153.5,0,0
53.5,80.1,73.5,16.5,1004.5,8,0
60.0,180.0,76.6,5.6,173.0,1,0
60.0,180.0,85.3,0.6,238.7,0,0
60.0,180.0,87.2,2.4,256.2,1,0
0.8,2.0,25.5,27.3,1277.9,8,0
3.6,4.9,29.6,25.7,1045.1,10,0
92.2,268.0,85.4,5.0,243.7,0,0
60.0,180.0,85.7,3.7,156.2,1,0
0.2,4.4,37.2,30.4,1208.2,3,0
2.4,5.0,26.1,27.8,1038.5,4,0
75.0,240.0,100.0,28.6,1173.3,3,1
32.6,74.0,70.8,32.0,943.1,5,0
1.9,4.3,25.9,26.2,1108.3,5,0
108.7,274.3,91.3,3.2,172.1,2,0
75.0,240.0,100.0,30.4,1205.7,9,1
0.0,0.5,43.9,33.3,1157.3,8,0
91.5,240.0,100.0,33.9,1208.7,8,1
30.4,89.9,70.2,24.9,969.9,5,0
16.9,78.8,57.9,28.9,916.5,3,0
112.7,279.1,91.5,2.6,266.6,2,0
52.7,107.7,64.2,12.2,959.6,7,0
75.0,240.0,100.0,31.9,850.0,9,1
0.7,3.7,31.9,30.4,1135.6,8,0
60.0,180.0,82.1,2.4,279.8,0,0
52.8,138.0,51.7,22.1,877.0,9,0
75.0,240.0,100.0,32.0,1310.5,12,1
76.7,240.0,100.0,25.1,1130.7,6,1
1.8,6.1,29.0,30.3,1188.1,6,0
44.3,109.2,62.0,21.4,995.3,2,0
0.6,0.7,40.8,17.4,1425.5,9,0
60.0,180.0,90.2,0.6,270.8,0,0
29.0,61.7,73.9,34.8,950.7,10,0
20.0,66.1,65.4,30.0,1075.5,4,0
64.8,180.0,93.0,1.2,203.9,1,0
60.0,180.0,97.8,2.5,261.2,2,0
121.4,346.2,100.0,37.7,1103.8,4,1
0.9,1.4,24.6,33.6,990.0,11,0
75.0,240.0,100.0,32.1,1168.3,10,1
28.5,66.3,57.7,22.4,1124.1,7,0
0.6,3.4,37.2,34.0,1021.0,4,0
46.9,110.9,68.4,17.9,1213.1,6,0
75.0,240.0,100.0,33.0,1351.4,13,1
87.0,249.7,100.0,28.9,917.1,9,1
75.0,240.0,100.0,30.0,991.0,10,1
1.3,4.5,25.6,22.2,1303.4,5,0
101.2,313.0,100.0,26.9,1080.4,12,1
0.6,11.9,21.4,29.2,1164.2,5,0
31.4,79.0,71.9,32.0,902.5,6,0
15.6,89.2,63.1,21.6,762.9,4,0
103.7,264.1,96.6,5.1,232.0,3,0
0.6,3.5,36.4,26.5,1487.8,9,0
0.1,1.0,34.2,28.9,1270.7,3,0
83.9,211.4,79.4,1.2,212.7,0,0
31.3,120.5,68.0,32.5,1019.3,4,0
75.0,240.0,98.9,24.1,879.6,8,1
42.7,88.7,69.4,24.5,853.2,4,0
80.8,240.0,100.0,29.9,860.3,4,1
88.9,225.0,90.8,0.8,127.6,1,0
122.8,307.3,100.0,25.7,1098.4,9,1
60.0,180.0,83.3,8.0,138.0,1,0
3.1,17.3,36.5,25.0,1163.8,9,0
36.9,110.2,71.0,22.8,872.6,5,0
1.3,11.4,32.3,32.2,1286.7,6,0
132.3,391.1,100.0,26.1,1237.8,4,1
93.7,240.0,100.0,28.3,1180.5,8,1
36.6,78.3,57.2,12.2,1030.4,4,0
61.8,180.0,85.4,4.5,212.4,1,0
9.8,9.9,28.6,35.3,1210.7,3,0
80.3,240.0,100.0,37.8,947.8,5,1
0.2,0.6,45.9,25.3,1225.9,4,0
96.3,240.0,100.0,37.0,1318.3,9,1
0.3,3.7,31.9,34.1,1505.8,6,0
37.4,106.9,78.0,26.9,1278.7,4,0
60.0,180.0,89.3,0.5,170.6,0,0
75.0,240.0,98.6,31.9,1372.9,8,1
28.5,69.8,61.5,16.0,1114.2,9,0
0.8,2.6,37.3,23.4,946.9,7,0
60.0,180.0,88.6,1.2,178.6,0,0
119.3,231.8,86.8,9.1,271.8,1,0
75.0,240.0,100.0,24.7,1113.4,7,1
100.2,319.4,98.0,30.5,1177.6,6,1
0.6,2.8,22.6,25.7,1081.2,3,0
24.8,87.4,55.5,22.2,1121.5,4,0
96.5,240.0,98.1,34.6,1150.4,8,1
60.0,180.0,90.9,5.2,180.3,2,0
60.0,180.0,82.7,3.5,301.1,0,0
39.8,124.4,72.4,15.2,1057.3,7,0
0.7,15.7,33.0,23.2,1037.1,9,0
0.0,0.4,23.4,40.0,975.1,8,0
75.0,240.0,100.0,20.8,986.3,5,1
0.9,7.7,26.4,34.2,1192.8,10,0
115.4,312.3,100.0,35.3,1419.0,9,1
84.5,240.0,100.0,35.9,1105.9,11,1
25.0,87.3,57.3,24.5,1073.6,7,0
43.9,78.0,53.8,13.5,998.0,6,0
63.7,180.0,84.5,0.5,167.5,2,0
24.5,106.4,67.7,29.6,1354.3,6,0
75.0,240.0,100.0,34.9,1262.5,8,1
26.5,114.5,68.4,15.0,1292.9,4,0
1.5,1.5,32.6,29.3,955.3,9,0
15.5,42.7,56.6,29.8,848.3,7,0
0.2,8.1,48.4,29.5,1305.1,12,0
1.0,2.6,25.8,38.5,1237.7,7,0
89.5,226.8,85.9,5.9,255.3,0,0
1.6,5.3,14.9,20.5,894.2,9,0
75.0,240.0,96.3,32.0,981.6,3,1
112.9,275.7,100.0,35.1,1213.0,12,1
31.1,108.0,78.0,31.4,1226.2,6,0
42.4,68.6,72.4,32.4,1114.2,5,0
95.2,240.0,100.0,31.9,1220.0,9,1
1.8,6.1,26.9,28.9,1117.9,13,0
17.4,103.7,73.7,25.1,1078.3,8,0
75.0,240.0,100.0,27.4,1084.8,7,1
0.6,4.5,35.7,28.1,1079.4,6,0
1.5,8.6,32.1,21.0,1093.7,10,0
92.9,253.1,77.8,3.9,198.2,0,0
0.6,1.7,33.9,22.2,1074.6,7,0
91.3,240.0,100.0,27.7,1129.1,10,1
15.6,91.4,62.7,21.5,1108.7,5,0
42.6,122.4,78.0,14.2,1042.1,7,0
19.3,100.3,64.5,16.6,1123.7,7,0
0.1,4.7,32.9,38.3,1183.1,6,0
60.0,180.0,91.5,2.2,212.7,1,0
35.1,90.2,60.5,25.8,879.6,8,0
129.7,426.8,100.0,23.7,1209.0,8,1
95.0,317.1,100.0,32.9,997.8,8,1
97.3,242.0,100.0,19.0,1169.0,6,1
47.1,86.1,70.2,25.3,746.2,8,0
68.4,180.0,85.8,4.8,172.5,0,0
26.9,109.7,59.4,32.8,882.5,5,0
28.7,104.0,65.8,18.9,1072.3,5,0
75.0,240.0,100.0,30.0,1205.6,10,1
118.1,283.6,88.4,3.1,316.0,1,0
73.4,180.0,77.8,0.5,140.7,1,0
0.1,3.8,40.5,30.3,1434.2,4,0
102.0,267.9,88.2,0.7,166.2,0,0
60.0,180.0,93.8,6.2,128.5,2,0
60.0,180.0,92.7,0.9,182.7,1,0
28.4,65.3,62.6,21.7,1073.7,6,0
102.7,267.3,99.8,24.5,1107.2,7,1
75.0,257.4,100.0,24.0,1241.7,9,1
3.6,4.4,33.4,36.7,1273.8,4,0
75.6,240.0,100.0,20.9,1113.7,10,1
114.0,331.0,90.7,1.2,282.5,0,0
36.3,90.8,69.0,17.5,1088.5,6,0
75.0,240.0,100.0,26.8,1071.9,5,1
75.0,240.0,100.0,34.3,1302.0,3,1
36.7,123.9,50.0,23.5,868.9,5,0
87.3,305.8,84.4,4.9,214.2,0,0
139.4,327.4,100.0,30.9,1106.3,11,1
1.2,4.8,42.5,40.1,984.3,3,0
36.3,65.3,71.2,29.6,1096.9,3,0
60.1,180.0,92.3,3.1,268.6,0,0
44.1,98.7,78.0,36.7,1041.2,4,0
81.4,182.1,97.3,1.4,194.9,0,0
60.0,180.0,82.6,0.5,231.1,2,0
0.1,8.2,25.3,16.0,1230.1,5,0
1.0,2.5,32.1,22.1,995.4,9,0
75.0,240.0,100.0,26.2,1274.1,8,1
44.2,125.8,50.0,27.4,1224.0,7,0
75.0,240.0,100.0,34.8,1438.5,7,1
18.2,94.6,75.7,21.9,976.7,5,0
75.0,240.0,100.0,34.4,1213.5,7,1
84.7,240.0,100.0,32.6,1353.3,14,1
2.5,5.6,41.6,28.2,1160.9,6,0
92.3,240.0,100.0,26.7,1136.8,8,1
75.0,240.0,100.0,28.1,1361.4,10,1
28.4,75.4,63.2,30.2,791.7,6,0
1.6,3.2,24.6,32.2,1462.8,6,0
60.0,180.0,82.4,6.9,282.1,0,0
71.7,237.7,98.0,1.8,243.7,0,0
0.3,3.4,28.1,34.1,1011.8,4,0
0.2,2.5,43.1,25.3,1207.6,11,0
60.0,180.0,88.4,4.0,203.3,4,0
20.8,91.3,62.4,30.2,1163.0,6,0
157.8,412.1,100.0,31.8,1254.1,9,1
100.9,258.2,97.7,29.9,1349.7,9,1
41.9,83.3,56.3,34.6,1149.3,3,0
1.0,2.6,35.1,35.7,1150.1,7,0
54.3,103.7,76.3,21.7,851.8,6,0
1.6,4.4,35.9,29.2,1352.1,7,0
75.0,240.0,98.9,27.4,1233.1,5,1
127.2,260.9,98.6,29.8,1101.8,6,1
67.7,180.0,88.2,1.9,177.0,0,0
40.3,112.1,56.6,26.5,892.7,3,0
0.9,2.2,23.3,30.2,1339.1,5,0
3.6,4.5,23.8,22.2,850.0,6,0
17.6,71.4,71.1,22.4,996.7,6,0
101.0,367.8,79.7,1.3,257.2,0,0
44.4,80.6,70.6,21.5,821.2,6,0
89.1,280.4,81.3,6.8,200.8,0,0
39.3,96.0,64.9,15.9,985.5,7,0
124.2,288.9,95.3,30.3,1116.1,10,1
47.7,129.1,66.0,19.3,1358.9,8,0
46.8,87.5,69.4,15.8,700.0,6,0
5.7,6.4,38.0,17.0,1146.5,5,0
16.4,105.7,59.3,38.0,950.9,9,0
53.4,119.5,62.7,34.7,1120.8,6,0
60.0,180.0,89.7,0.5,129.9,0,0
75.0,240.0,100.0,35.1,1266.9,7,1
60.0,180.0,92.0,0.5,186.7,1,0
29.2,69.1,64.4,20.8,905.3,1,0
136.9,367.2,100.0,23.9,909.8,4,1
60.0,180.0,77.5,0.5,249.1,0,0
83.6,257.9,92.1,5.5,256.1,1,0
103.2,325.9,100.0,32.8,1072.8,12,1
82.4,243.1,89.2,1.1,40.0,0,0
60.0,180.0,86.8,5.9,191.1,1,0
43.0,126.7,61.2,20.3,1176.7,8,0
75.0,240.0,100.0,25.5,1600.7,9,1
75.0,240.0,100.0,30.9,1233.1,8,1
106.7,263.3,93.5,0.6,175.5,2,0
90.5,324.1,100.0,27.6,1252.6,3,1
0.2,14.2,42.9,25.8,1334.9,7,0
2.0,7.2,32.5,30.2,1157.4,5,0
32.4,79.9,61.5,19.1,818.1,8,0
92.4,296.5,93.1,1.3,177.9,0,0
55.0,112.2,62.4,27.3,1207.5,4,0
60.0,180.0,82.1,4.4,232.2,1,0
124.4,344.0,100.0,16.1,1209.7,10,1
105.1,321.3,100.0,42.0,919.3,8,1
129.6,355.5,100.0,37.6,1066.5,9,1
6.6,8.6,23.6,34.4,1360.8,5,0
35.3,77.7,58.6,30.2,1061.9,5,0
75.0,240.0,100.0,20.6,1236.5,9,1
60.0,180.0,84.5,0.5,228.9,0,0
18.5,98.0,58.7,25.4,1087.3,6,0
27.8,95.6,64.2,38.0,972.0,4,0
75.0,240.0,100.0,25.1,1154.2,9,1
53.3,102.2,69.6,22.2,1064.2,12,0
75.0,240.0,100.0,23.7,1170.0,3,1
1.4,3.2,32.8,37.1,1295.9,5,0
94.3,314.7,84.1,2.0,167.7,2,0
98.7,387.4,100.0,24.5,1066.7,4,1
1.6,6.2,36.8,24.1,1341.1,5,0
42.9,118.7,71.8,16.7,875.3,6,0
108.9,247.9,94.6,0.8,138.5,0,0
81.9,196.9,78.6,0.5,231.1,0,0
107.4,270.2,82.1,0.9,214.2,1,0
60.0,180.0,78.1,9.5,321.0,3,0
70.8,180.0,84.4,2.3,282.8,3,0
93.4,240.0,99.2,19.9,1167.5,9,1
60.0,180.0,86.0,0.5,281.1,2,0
2.0,2.1,48.5,36.1,1080.1,9,0
0.8,6.8,38.1,19.0,1285.5,6,0
121.9,331.4,100.0,36.9,880.0,5,1
47.7,85.4,69.6,17.0,1035.5,9,0
60.0,180.0,94.6,3.2,262.8,0,0
98.8,257.3,87.2,1.5,148.7,1,0
35.9,116.9,69.0,17.5,1046.4,0,0
102.7,264.6,87.8,1.5,106.5,1,0
25.3,53.7,71.5,23.8,1050.4,10,0
1.6,5.4,27.6,28.1,1059.4,6,0
109.0,252.3,79.7,1.7,273.0,0,0
75.0,240.0,100.0,19.5,1069.9,11,1
100.9,333.5,97.6,26.8,1236.5,6,1
45.8,127.1,67.9,25.4,1051.3,1,0
0.1,2.7,29.4,30.6,1302.5,7,0
50.8,87.8,65.2,19.8,919.6,7,0
40.3,85.9,57.6,26.7,1002.6,3,0
94.1,264.9,90.0,1.5,120.9,1,0
60.0,180.0,93.1,1.0,259.1,0,0
0.6,3.1,28.9,27.8,1281.4,3,0
0.0,2.4,41.1,30.9,1370.9,5,0
0.5,12.9,35.4,28.8,1245.9,4,0
75.0,240.0,98.3,20.7,1219.6,9,1
138.9,284.6,100.0,29.4,1265.8,6,1
21.5,104.5,77.3,21.4,1151.8,5,0
60.0,180.0,82.1,0.5,236.1,0,0
75.0,240.0,100.0,20.9,951.5,6,1
60.0,180.0,84.4,2.0,212.2,1,0
45.6,86.4,61.9,30.4,1154.0,7,0
75.0,240.0,100.0,33.2,1285.8,6,1
99.1,180.0,88.8,0.6,289.4,0,0
0.7,1.0,22.6,29.9,850.0,6,0
0.7,1.8,31.5,32.9,1346.4,8,0
32.2,99.4,54.8,20.2,1429.7,4,0
3.7,10.2,46.0,27.4,1142.6,9,0
125.5,285.3,100.0,31.1,1140.2,9,1
83.3,240.0,100.0,27.2,921.2,12,1
75.0,240.0,97.5,27.1,1448.4,4,1
1.1,12.4,30.9,27.2,1131.2,8,0
75.0,240.0,100.0,35.4,1061.4,5,1
3.5,4.1,25.6,29.3,967.4,7,0
20.7,100.2,56.6,29.2,1234.1,4,0
22.7,62.3,76.9,21.7,794.8,6,0
49.1,120.6,68.7,35.3,1105.3,8,0
19.4,81.6,68.9,23.6,1002.9,3,0
37.1,117.2,60.2,38.0,1115.8,7,0
150.9,320.7,100.0,27.2,1264.6,7,1
73.6,223.6,85.6,0.5,167.4,0,0
6.3,10.6,37.2,20.5,1256.8,8,0
44.6,102.7,50.0,19.4,872.3,8,0
25.9,63.3,61.2,26.1,1147.7,4,0
60.0,206.0,91.9,1.6,191.0,2,0
25.0,55.2,75.6,13.8,854.2,5,0
135.6,300.6,100.0,34.4,974.2,10,1
96.2,255.2,83.9,2.4,111.4,1,0
53.2,99.8,64.3,12.0,1253.1,4,0
22.1,103.3,69.9,24.5,1020.1,3,0
17.4,106.9,63.8,25.5,1038.5,3,0
30.3,110.0,76.4,30.3,1355.1,3,0
70.9,180.0,89.3,4.3,340.8,0,0
17.9,73.0,55.3,29.3,819.0,1,0
20.1,98.8,63.7,30.5,1154.2,4,0
2.1,4.9,22.1,33.2,1255.5,8,0
32.3,73.9,59.0,17.1,1178.8,5,0
28.9,100.7,56.3,21.3,1268.1,2,0
1.5,1.9,30.1,24.3,1221.6,4,0
2.1,3.0,44.2,35.4,1232.1,6,0
16.8,57.7,68.6,19.1,1091.8,3,0
1.4,3.5,32.3,28.9,1124.7,7,0
0.2,6.0,24.4,27.6,1018.9,7,0
51.7,140.0,59.3,29.7,1275.6,6,0
111.0,324.2,100.0,32.2,1190.3,6,1
95.5,260.9,85.6,1.4,217.3,2,0
88.7,288.2,100.0,29.1,850.0,8,1
20.4,55.6,61.4,29.5,1088.5,2,0
63.9,180.0,82.9,2.3,208.2,1,0
71.8,191.0,95.8,2.9,102.9,0,0
1.5,8.7,25.2,39.7,1337.1,4,0
29.7,59.8,69.8,17.8,1323.0,6,0
87.3,292.4,83.4,2.2,194.9,1,0
21.0,91.6,67.2,23.0,992.2,5,0
101.1,359.2,100.0,30.0,1456.4,10,1
35.2,115.5,71.2,28.0,1095.8,7,0
53.8,91.7,63.3,32.4,1084.8,4,0
98.6,252.4,86.8,9.5,233.9,2,0
0.3,0.5,34.6,36.4,1108.3,6,0
66.9,180.0,83.7,3.5,194.6,1,0
1.5,2.6,37.4,31.6,1020.9,8,0
28.1,58.1,69.9,16.9,1048.7,12,0
116.8,279.3,75.3,0.5,239.5,2,0
2.2,11.1,42.3,16.2,850.0,11,0
75.0,240.0,100.0,26.7,1085.0,3,1
77.2,180.0,76.1,1.1,260.2,3,0
91.1,232.9,82.4,9.5,162.0,0,0
100.8,281.6,86.9,5.5,231.6,1,0
1.4,9.6,17.2,34.6,1209.6,5,0
0.4,1.0,26.5,21.6,1203.3,8,0
1.7,9.5,32.9,31.6,1231.7,9,0
75.0,240.0,100.0,26.8,1376.9,6,1
25.5,96.7,63.7,17.3,1253.7,7,0
32.5,74.1,60.9,29.0,1157.8,3,0
2.2,3.1,28.9,18.6,1088.7,9,0
0.6,1.5,33.6,30.5,1227.6,7,0
0.9,12.8,34.1,30.6,920.3,5,0
75.5,180.0,87.1,1.4,184.2,0,0
29.1,81.9,69.3,27.9,1206.7,4,0
111.0,289.5,92.6,5.0,218.0,0,0
1.1,4.5,38.2,23.2,1235.5,12,0
19.9,81.7,50.0,19.8,826.3,2,0
60.0,180.0,88.2,1.5,213.0,0,0
49.8,87.5,54.6,20.8,1207.1,5,0
46.3,134.2,68.6,23.1,1041.0,1,0
107.2,180.0,87.0,1.0,398.9,2,0
30.3,89.5,55.6,29.9,949.7,5,0
78.9,243.7,82.4,4.7,158.6,0,0
60.0,180.0,84.8,4.3,151.7,0,0
69.7,216.1,96.4,2.1,244.1,2,0
99.7,188.1,91.3,1.8,248.6,1,0
138.7,359.8,100.0,33.3,1243.0,10,1
141.9,323.2,99.9,22.6,1315.8,2,1
60.0,180.0,86.6,0.9,51.1,2,0
20.1,103.9,58.9,32.7,1069.4,5,0
76.4,240.0,100.0,36.0,1239.1,8,1
1.9,4.7,31.1,27.4,993.6,3,0
173.2,340.7,100.0,34.9,1232.9,9,1
108.9,249.2,87.0,3.5,173.7,2,0
75.0,240.0,97.0,29.3,1233.6,3,1
60.0,180.0,83.7,1.7,270.7,2,0
42.1,102.9,57.2,21.0,909.6,5,0
26.1,94.5,66.4,29.5,864.8,8,0
48.1,110.5,68.4,26.3,1146.8,5,0
1.6,3.0,45.5,38.7,1375.8,9,0
89.9,226.8,89.3,0.5,188.8,0,0
16.9,104.2,66.1,19.6,720.8,3,0
111.7,343.3,100.0,32.5,1033.3,11,1
74.1,204.8,91.2,0.7,229.2,0,0
75.0,240.0,100.0,30.9,1161.4,10,1
60.0,180.0,98.0,0.5,178.3,4,0
54.9,97.3,63.1,25.5,1077.6,4,0
102.5,288.4,85.8,1.1,296.4,0,0
72.5,180.0,88.1,1.4,195.0,2,0
0.9,1.9,39.8,25.4,1485.2,6,0
23.9,54.2,56.9,19.6,742.3,4,0
60.0,180.0,86.1,2.0,234.0,1,0
22.2,82.4,72.6,18.4,1128.7,6,0
38.0,76.8,78.0,21.8,1008.1,1,0
75.0,240.0,100.0,23.9,1068.1,6,1
1.9,2.0,43.6,21.7,1224.5,5,0
98.1,265.9,94.7,2.6,173.4,0,0
27.0,87.1,65.3,19.8,1212.8,5,0
0.0,8.3,42.3,25.5,1072.8,9,0
60.0,180.0,81.3,5.5,234.1,0,0
42.8,129.7,67.6,27.0,868.3,3,0
75.0,240.0,100.0,27.1,1103.3,12,1
120.5,336.8,100.0,33.7,1146.9,5,1
60.0,186.2,85.7,2.3,161.9,1,0
60.0,180.0,84.2,5.2,236.7,2,0
50.5,101.8,69.9,29.1,1091.1,6,0
67.0,180.0,85.7,1.1,161.7,1,0
60.0,180.0,92.9,1.0,251.2,1,0
93.4,292.3,90.3,2.2,228.0,2,0
86.9,275.1,81.0,2.6,180.5,1,0
44.3,96.5,51.6,17.9,1060.0,8,0
116.5,334.2,80.6,0.5,179.8,2,0
104.5,300.2,99.9,38.0,931.6,6,1
22.5,100.9,63.6,24.5,1177.8,5,0
70.1,220.0,86.5,0.6,292.4,0,0
78.6,180.0,86.9,3.5,115.2,1,0
0.5,12.7,51.1,36.0,1295.7,5,0
1.1,4.2,32.9,29.2,1258.4,3,0
75.0,240.0,100.0,32.3,1379.6,7,1
125.6,411.1,100.0,37.4,1221.4,2,1
33.3,103.6,73.4,24.2,929.9,4,0
60.0,180.0,92.2,2.6,162.3,1,0
38.3,74.2,55.2,12.0,1337.9,3,0
105.1,240.0,97.1,34.6,1284.9,9,1
109.2,359.9,100.0,33.3,1208.2,7,1
75.0,240.0,99.5,29.4,1133.8,2,1
38.4,99.4,61.1,17.3,963.4,2,0
75.0,240.0,100.0,28.9,1007.2,1,1
0.3,13.1,35.1,21.6,1289.9,2,0
75.1,180.0,94.3,1.2,271.1,1,0
0.1,1.9,36.3,34.3,1073.1,8,0
0.3,1.2,27.7,28.8,1225.8,5,0
1.0,4.9,32.9,32.9,1078.2,2,0
71.7,180.0,91.9,2.0,123.5,0,0
4.1,15.4,26.9,30.2,1161.6,7,0
60.0,180.0,95.6,0.8,152.1,0,0
4.4,6.6,31.8,28.3,1189.3,10,0
119.8,360.8,100.0,25.1,1091.9,9,1
75.0,240.0,100.0,23.7,850.0,6,1
1.3,14.0,33.6,24.8,1181.0,7,0
60.0,180.0,88.0,2.3,187.4,2,0
77.0,240.0,99.7,26.5,1169.9,10,1
41.3,76.1,66.7,24.7,1166.9,4,0
1.4,12.1,41.4,31.7,1025.3,7,0
25.2,90.1,63.3,27.8,995.9,3,0
39.9,69.1,72.4,24.4,1190.7,5,0
75.0,240.0,100.0,35.3,1107.4,7,1
51.6,133.0,63.0,20.2,1021.2,8,0
75.0,240.0,100.0,29.8,1325.7,9,1
75.0,240.0,98.5,29.7,1115.3,5,1
105.1,240.0,100.0,24.7,1067.6,10,1
2.0,10.1,43.9,35.6,1236.2,8,0
1.0,2.7,31.5,35.7,1382.5,5,0
112.7,322.8,100.0,31.9,1041.6,7,1
91.3,283.5,79.2,1.0,195.6,1,0
75.0,240.0,100.0,21.9,1196.6,6,1
50.6,130.5,72.7,20.0,958.5,6,0
97.0,180.0,89.8,7.8,252.5,0,0
75.0,240.0,100.0,21.2,1140.7,6,1
21.4,88.5,50.0,22.4,858.4,5,0
0.3,5.2,44.0,41.5,1271.3,3,0
122.9,325.6,97.6,2.5,222.8,1,0
85.3,180.0,87.8,2.4,249.7,1,0
82.8,215.7,84.0,2.5,252.9,1,0
1.8,2.4,31.5,36.5,850.0,7,0
60.0,180.0,93.5,0.8,290.3,2,0
114.8,312.4,100.0,26.7,1185.5,7,1
60.0,180.0,86.8,0.5,238.8,2,0
4.1,5.8,20.5,30.7,988.3,2,0
0.8,9.9,48.5,31.2,1285.8,5,0
0.0,1.3,37.2,23.2,1374.0,5,0
34.0,86.6,66.1,30.7,1003.1,6,0
50.9,91.7,72.6,26.7,1028.3,4,0
0.1,3.8,33.5,33.0,1141.7,11,0
27.5,72.5,62.8,13.0,928.8,5,0
46.7,110.8,66.6,19.9,1281.0,8,0
99.8,362.7,100.0,32.9,1153.9,10,1
125.3,378.3,99.7,16.0,1134.2,7,1
60.0,180.0,79.5,6.1,216.0,1,0
60.0,180.0,84.1,5.9,319.9,0,0
0.7,1.1,53.1,24.5,1517.1,8,0
96.2,239.3,98.0,0.5,270.5,0,0
0.8,5.0,39.8,37.2,1079.4,8,0
25.9,83.8,74.9,18.6,885.7,9,0
60.0,180.0,95.9,0.7,217.1,0,0
92.6,240.0,99.3,25.9,984.2,4,1
83.0,292.2,87.1,1.1,102.8,1,0
3.9,10.8,34.8,36.9,978.2,6,0
75.0,240.0,100.0,30.3,1174.5,6,1
15.8,48.0,67.9,26.7,1114.4,9,0
25.1,73.3,67.9,22.1,996.7,5,0
60.0,180.0,91.1,1.2,286.7,0,0
25.1,87.6,60.0,31.1,953.1,5,0
122.7,331.0,100.0,32.8,1028.9,5,1
75.0,315.3,100.0,31.6,1103.3,8,1
75.0,240.0,100.0,34.4,1089.9,12,1
33.2,111.1,53.8,28.3,714.2,4,0
60.0,180.0,85.5,1.9,225.4,3,0
1.0,4.2,36.1,25.9,1227.2,10,0
23.6,103.7,61.2,23.5,1216.9,8,0
82.2,240.0,100.0,18.0,1220.7,7,1
41.4,90.1,62.1,25.7,1017.2,3,0
69.9,246.3,88.6,3.7,231.2,1,0
60.0,180.0,91.2,4.4,333.0,3,0
131.4,388.4,100.0,26.2,1143.3,8,1
111.9,363.8,98.9,35.3,1392.0,9,1
3.7,11.1,30.7,25.6,1263.4,5,0
80.4,180.0,85.7,4.7,366.5,0,0
1.2,2.4,24.9,28.3,1240.7,9,0
75.0,240.0,100.0,31.9,1308.1,6,1
32.4,97.9,66.6,26.9,1184.2,8,0
75.0,240.0,100.0,24.4,972.8,6,1
82.4,205.4,90.2,1.3,134.0,1,0
44.7,108.6,52.6,17.6,748.5,5,0
60.0,180.0,88.4,3.1,278.1,1,0
28.6,90.3,59.8,21.9,1191.7,9,0
65.5,180.0,92.1,5.4,154.7,1,0
36.3,123.3,65.8,24.9,1258.8,11,0
75.0,240.0,100.0,24.5,1165.7,8,1
42.0,93.1,78.0,29.4,823.9,6,0
117.3,346.8,96.5,2.2,150.7,0,0
0.8,1.6,32.3,31.0,1001.6,5,0
0.4,6.9,31.5,36.0,1234.7,4,0
36.1,80.0,68.7,22.2,1341.6,7,0
60.0,180.0,80.9,1.7,112.2,1,0
75.0,240.0,100.0,32.2,1145.4,8,1
81.8,312.7,100.0,34.8,1427.1,13,1
0.9,7.7,37.3,29.9,1301.4,8,0
0.1,0.5,41.4,42.0,1285.2,5,0
24.7,65.5,63.1,25.8,1020.7,8,0
4.8,4.9,42.3,22.9,1225.7,6,0
50.1,123.4,63.0,20.2,1060.2,4,0
0.1,7.3,20.8,36.0,1146.0,5,0
60.0,180.0,95.5,3.8,210.4,2,0
85.5,240.0,100.0,27.6,1296.6,3,1
43.9,115.8,58.2,26.3,915.0,5,0
76.1,240.0,100.0,26.8,1675.0,4,1
0.2,1.7,31.9,28.3,1120.5,9,0
0.2,3.1,30.5,21.3,1398.1,6,0
75.0,240.0,99.6,28.2,1055.4,7,1
17.5,78.7,68.3,38.0,1246.5,8,0
20.1,59.7,58.2,25.3,1077.1,1,0
